store,pos_type,url,login_id,login_pw,pos_name
NOTIME下北沢店,ezregi,,,,SIPOS
SELFURUGI盛岡菜園店,ezregi,,,,SIPOS
SELFURUGI GARAGE赤羽店,ezregi,,,,SIPOS
NOTIME 大須店,ezregi,,,,SIPOS
SELFURUGI京都百万遍店,ezregi,,,,SIPOS
SELFURUGI旭川末広店,ezregi,,,,SIPOS
NOTIME鎌ヶ谷店,ezregi,,,,SIPOS
SELFURUGI徳島沖浜店,ezregi,,,,SIPOS
SELFURUGI浜松高林店,ezregi,,,,SIPOS
SELFURUGI本店,ezregi,,,,SIPOS
SELFURUGI鎌ヶ谷店,ezregi,,,,SIPOS
SELFURUGI×MYAG,ezregi,,,,SIPOS
SELFURUGI宇都宮店,ezregi,,,,SIPOS
SELFURUGI GARAGE静岡店,ezregi,,,,SIPOS
SELFURUGI伊勢崎店,ezregi,,,,SIPOS
NOTIME熊谷店,ezregi,,,,SIPOS
SELFURUGI小倉魚町店,ezregi,,,,SIPOS
SELFURUGI富山田中町店,ezregi,,,,SIPOS
SELFURUGI名古屋尾頭橋店,ezregi,,,,SIPOS
SELFURUGI熊谷店,ezregi,,,,SIPOS
SELFURUGI川越市駅前店,ezregi,,,,SIPOS
SELFURUGI仙台吉成店,ezregi,,,,SIPOS
NOTIME早稲田店,ezregi,,,,SIPOS
SELFURUGI GARAGE鎌ヶ谷,ezregi,,,,SIPOS
SELFURUGI倉敷店,ezregi,,,,SIPOS
NOTIME静岡店,ezregi,,,,SIPOS
NOTIME浜松原島店,ezregi,,,,SIPOS
SELFURUGI町田店,ezregi,,,,SIPOS
SELFURUGI上田原店,ezregi,,,,SIPOS
SELFURUGI早稲田店,ezregi,,,,SIPOS
SELFURUGI 町田店,ezregi,,,,SIPOS
SELFURUGI新大塚店,ezregi,,,,SIPOS
NOTIME小倉魚町店,ezregi,,,,SIPOS
SELFURUGI本郷三丁目店,ezregi,,,,SIPOS
SELFURUGI保谷店,ezregi,,,,SIPOS
